"Amy","Perry","a.perry@randatmail.com","931-7603-46","Lower secondary","Geologist"
"Daryl","Davis","d.davis@randatmail.com","852-1776-13","Master","Actor"
"Evelyn","Cooper","e.cooper@randatmail.com","191-5335-34","Doctoral","Interior Designer"
"Haris","Alexander","h.alexander@randatmail.com","783-3897-41","Primary","Singer"
"Robert","Parker","r.parker@randatmail.com","808-7600-79","Lower secondary","Medic"
"Nicholas","Baker","n.baker@randatmail.com","773-0662-49","Bachelor","Biochemist"
"Sam","Reed","s.reed@randatmail.com","118-0885-20","Upper secondary","Programmer"
"James","Barrett","j.barrett@randatmail.com","603-1975-97","Master","Actor"
"William","Thompson","w.thompson@randatmail.com","887-1689-78","Doctoral","Insurer"
"Kelsey","Thomas","k.thomas@randatmail.com","999-4245-76","Bachelor","Lecturer"
"Vincent","Brown","v.brown@randatmail.com","273-3679-85","Bachelor","Economist"
"Marcus","Moore","m.moore@randatmail.com","743-4973-63","Lower secondary","Architect"
"Steven","Myers","s.myers@randatmail.com","625-1622-13","Lower secondary","Interior Designer"
"Ted","Davis","t.davis@randatmail.com","717-7472-00","Lower secondary","Fashion Designer"
"David","Higgins","d.higgins@randatmail.com","345-0870-29","Primary","Lecturer"
"Amelia","Perry","a.perry@randatmail.com","142-5743-45","Bachelor","Medic"
"Jared","Grant","j.grant@randatmail.com","202-5660-69","Lower secondary","Engineer"
"Justin","Ryan","j.ryan@randatmail.com","228-1916-05","Doctoral","Hairdresser"
"Eleanor","Johnston","e.johnston@randatmail.com","151-2850-93","Bachelor","Lawer"
"Thomas","Riley","t.riley@randatmail.com","563-5313-00","Primary","Journalist"
"Thomas","Moore","t.moore@randatmail.com","508-7588-90","Doctoral","Chef"
"Sarah","Richardson","s.richardson@randatmail.com","049-8117-62","Doctoral","Veterinarian"
"Amanda","Murray","a.murray@randatmail.com","161-7072-30","Primary","Dancer"
"Michelle","Allen","m.allen@randatmail.com","022-1347-03","Lower secondary","Meteorologist"
"Marcus","Warren","m.warren@randatmail.com","145-1177-41","Primary","Biochemist"
"Leonardo","Gray","l.gray@randatmail.com","759-2577-55","Doctoral","Baker"
"Abraham","Reed","a.reed@randatmail.com","431-5766-98","Bachelor","Composer"
"Adam","Smith","a.smith@randatmail.com","750-5353-93","Upper secondary","Historian"
"Clark","Sullivan","c.sullivan@randatmail.com","716-2528-59","Doctoral","Electrician"
"Michael","Edwards","m.edwards@randatmail.com","456-5808-32","Primary","Teacher"
"Joyce","Reed","j.reed@randatmail.com","396-4887-97","Upper secondary","Agronomist"
"Kirsten","Martin","k.martin@randatmail.com","546-8614-11","Doctoral","Fine Artist"
"Aldus","Sullivan","a.sullivan@randatmail.com","661-4773-11","Doctoral","Electrician"
"Dainton","Scott","d.scott@randatmail.com","718-9756-95","Upper secondary","Medic"
"Adelaide","Chapman","a.chapman@randatmail.com","272-1828-57","Primary","Photographer"
"Vanessa","Smith","v.smith@randatmail.com","906-1020-21","Lower secondary","Scientist"
"James","Bailey","j.bailey@randatmail.com","838-5470-94","Primary","Meteorologist"
"Byron","Bennett","b.bennett@randatmail.com","272-5210-88","Upper secondary","Chemist"
"Ted","Barnes","t.barnes@randatmail.com","512-6266-81","Lower secondary","Programmer"
"Fenton","Elliott","f.elliott@randatmail.com","236-5322-91","Doctoral","Journalist"
"Steven","Warren","s.warren@randatmail.com","540-5490-14","Primary","Accountant"
"Aiden","Dixon","a.dixon@randatmail.com","378-3678-78","Primary","Photographer"
"Arnold","Richardson","a.richardson@randatmail.com","632-8017-82","Master","Cook"
"Rafael","Cameron","r.cameron@randatmail.com","459-2789-36","Lower secondary","Auditor"
"Fiona","Harris","f.harris@randatmail.com","060-6416-67","Doctoral","Dancer"
"Aiden","Phillips","a.phillips@randatmail.com","919-2958-52","Master","Agronomist"
"Jacob","Ryan","j.ryan@randatmail.com","945-7272-26","Lower secondary","Social Worker"
"Antony","Harrison","a.harrison@randatmail.com","036-5107-62","Lower secondary","Manager"
"Cadie","Higgins","c.higgins@randatmail.com","691-5479-38","Bachelor","Jeweller"
"Kelsey","Murphy","k.murphy@randatmail.com","188-9817-91","Primary","Fine Artist"
"Ted","Casey","t.casey@randatmail.com","579-5162-52","Doctoral","Carpenter"
"Kate","Foster","k.foster@randatmail.com","009-2690-30","Lower secondary","Medic"
"Alissa","Ross","a.ross@randatmail.com","624-5697-88","Lower secondary","Engineer"
"Thomas","Cunningham","t.cunningham@randatmail.com","666-1730-01","Doctoral","Carpenter"
"Maria","Cunningham","m.cunningham@randatmail.com","170-8007-01","Master","Veterinarian"
"Honey","Hunt","h.hunt@randatmail.com","498-8301-63","Lower secondary","Botanist"
"Martin","Morris","m.morris@randatmail.com","827-8954-93","Upper secondary","Meteorologist"
"Walter","Morris","w.morris@randatmail.com","540-2254-17","Lower secondary","Dancer"
"Michael","Spencer","m.spencer@randatmail.com","099-4140-02","Master","Architect"
"Emily","Hawkins","e.hawkins@randatmail.com","800-0290-19","Bachelor","Physicist"
"Adrian","Elliott","a.elliott@randatmail.com","878-0182-88","Upper secondary","Jeweller"
"Ryan","Andrews","r.andrews@randatmail.com","047-6961-31","Master","Accountant"
"Briony","Hunt","b.hunt@randatmail.com","981-5345-81","Master","Jeweller"
"Abraham","Edwards","a.edwards@randatmail.com","844-1672-85","Primary","Actor"
"Steven","West","s.west@randatmail.com","950-6563-67","Lower secondary","Medic"
"Garry","Myers","g.myers@randatmail.com","270-5933-07","Primary","Geologist"
"Hailey","Riley","h.riley@randatmail.com","485-9758-22","Master","Carpenter"
"Connie","Allen","c.allen@randatmail.com","780-0878-43","Lower secondary","Interpreter"
"Adison","Hawkins","a.hawkins@randatmail.com","867-7978-45","Bachelor","Medic"
"Adam","Thomas","a.thomas@randatmail.com","540-8467-56","Primary","Composer"
"Byron","Phillips","b.phillips@randatmail.com","099-1442-52","Bachelor","Chef"
"Justin","Cooper","j.cooper@randatmail.com","565-8962-83","Bachelor","Driver"
"Jacob","Phillips","j.phillips@randatmail.com","484-3444-97","Master","Fine Artist"
"Alen","Foster","a.foster@randatmail.com","659-0472-16","Bachelor","Pharmacist"
"Michelle","Baker","m.baker@randatmail.com","938-3123-57","Bachelor","Graphic Designer"
"Max","Carter","m.carter@randatmail.com","827-5655-60","Doctoral","Salesman"
"Darcy","Smith","d.smith@randatmail.com","799-1354-15","Bachelor","Biochemist"
"Samantha","Ryan","s.ryan@randatmail.com","474-2204-21","Upper secondary","Fashion Designer"
"Amanda","Rogers","a.rogers@randatmail.com","861-0369-20","Primary","Photographer"
"Kelvin","Henderson","k.henderson@randatmail.com","807-7592-98","Master","Teacher"
"James","Cunningham","j.cunningham@randatmail.com","314-9162-48","Upper secondary","Chef"
"Honey","West","h.west@randatmail.com","647-4398-62","Upper secondary","Carpenter"
"Harold","Perkins","h.perkins@randatmail.com","106-3828-68","Lower secondary","Photographer"
"Mike","Wright","m.wright@randatmail.com","913-7430-48","Bachelor","Chef"
"Owen","Barnes","o.barnes@randatmail.com","816-1992-09","Bachelor","Astronomer"
"Owen","Thompson","o.thompson@randatmail.com","194-2651-94","Upper secondary","Chemist"
"Dexter","Lloyd","d.lloyd@randatmail.com","600-0761-94","Upper secondary","Chemist"
"Dale","Cameron","d.cameron@randatmail.com","401-2007-20","Lower secondary","Programmer"
"Adelaide","Perkins","a.perkins@randatmail.com","039-7028-59","Upper secondary","Lecturer"
"Valeria","Brooks","v.brooks@randatmail.com","083-3503-08","Doctoral","Chemist"
"Emily","Wright","e.wright@randatmail.com","701-8535-43","Lower secondary","Archeologist"
"Frederick","Harris","f.harris@randatmail.com","107-8785-58","Master","Accountant"
"Andrew","Stevens","a.stevens@randatmail.com","883-5299-52","Primary","Economist"
"Ted","Farrell","t.farrell@randatmail.com","539-2744-03","Upper secondary","Mechanic"
"Anna","Anderson","a.anderson@randatmail.com","596-2840-96","Primary","Physicist"
"Alen","Watson","a.watson@randatmail.com","064-9386-40","Primary","Botanist"
"Natalie","Anderson","n.anderson@randatmail.com","734-8448-01","Upper secondary","Baker"
"Chester","Watson","c.watson@randatmail.com","622-9748-63","Primary","Physicist"
"Sarah","Wilson","s.wilson@randatmail.com","134-7242-37","Master","Interpreter"
"Jenna","Ellis","j.ellis@randatmail.com","800-4645-05","Primary","Hairdresser"